City_ID,City,Lat,Lng,Max Temp,Humidity,Cloudiness,Wind Speed,Country,Date
0,bilibino,68.0546,166.4372,-1.22,72,31,1.72,RU,1717781155
1,ghanzi,-21.5667,21.7833,12.1,30,0,3.81,BW,1717781155
2,stanley,54.868,-1.6985,14.87,70,20,7.2,GB,1717781070
3,kodiak,57.79,-152.4072,6.73,81,75,6.17,US,1717781155
4,ushuaia,-54.8,-68.3,1.79,75,0,2.06,AR,1717781023
5,adamstown,-25.066,-130.1015,23.6,65,95,6.7,PN,1717781156
6,simpang,-1.2667,104.0833,23.59,96,5,0.8,ID,1717781156
7,qaqortoq,60.7167,-46.0333,4.71,98,100,2.94,GL,1717781016
8,marshall,34.3834,-86.3333,28.99,40,0,4.12,US,1717781156
9,nikolayevsk-on-amure,53.1406,140.73,4.01,98,100,1.79,RU,1717781111
10,grytviken,-54.2811,-36.5092,-4.14,81,17,4.97,GS,1717781027
11,punta arenas,-53.15,-70.9167,5.06,93,75,2.06,CL,1717781148
12,olonkinbyen,70.9221,-8.7187,-0.38,99,100,1.79,SJ,1717781112
13,haiku-pauwela,20.9219,-156.3051,25.02,83,20,4.12,US,1717781089
14,dunedin,-45.8742,170.5036,7.67,89,27,1.94,NZ,1717781037
15,albany,42.6001,-73.9662,24.86,77,75,0.45,US,1717781157
16,port-aux-francais,-49.35,70.2167,5.78,92,89,14.84,TF,1717781157
17,iqaluit,63.7506,-68.5145,2.85,60,40,2.57,CA,1717781023
18,guane,22.2025,-84.0875,31.84,63,18,4.0,CU,1717781158
19,port elizabeth,-33.918,25.5701,15.05,94,100,6.69,ZA,1717781158
20,graaff-reinet,-32.2522,24.5308,11.35,60,88,3.01,ZA,1717780906
21,marsh harbour,26.5412,-77.0636,28.75,71,6,2.19,BS,1717781158
22,tarawa,1.419,172.984,28.05,78,40,2.06,KI,1717781158
23,manaure,11.7751,-72.4445,31.05,66,97,4.84,CO,1717781158
24,remire-montjoly,4.9167,-52.2667,28.02,83,75,2.57,GF,1717781095
25,puerto baquerizo moreno,-0.9,-89.6,25.55,65,20,3.09,EC,1717781099
26,maridi,4.9158,29.4742,19.49,95,94,2.61,SS,1717781159
27,lihue,21.9789,-159.3672,25.81,86,40,2.57,US,1717781090
28,vila franca do campo,37.7167,-25.4333,20.23,99,92,1.26,PT,1717780993
29,san patricio,28.017,-97.5169,35.09,40,0,5.68,US,1717781159
30,kruisfontein,-34.0033,24.7314,13.82,93,82,3.87,ZA,1717781159
31,morehead city,34.7229,-76.726,32.78,73,20,7.2,US,1717780939
32,blackmans bay,-43.0167,147.3167,3.62,94,35,1.91,AU,1717781018
33,puerto ayora,-0.7393,-90.3518,24.98,92,58,1.34,EC,1717781022
34,richfield,44.8833,-93.283,23.49,39,20,8.75,US,1717781160
35,taoudenni,22.6783,-3.9836,45.68,7,22,0.84,ML,1717781065
36,tiksi,71.6872,128.8694,4.62,69,19,2.25,RU,1717781160
37,mount isa,-20.7333,139.5,8.87,81,0,1.54,AU,1717781050
38,ancud,-41.8697,-73.8203,12.27,92,100,4.75,CL,1717781160
39,riverton,40.5219,-111.9391,31.51,33,59,2.24,US,1717781160
40,edinburgh of the seven seas,-37.0676,-12.3116,13.93,69,61,7.29,SH,1717781042
41,okha,53.5739,142.9478,4.58,90,100,0.89,RU,1717781161
42,le puy-en-velay,45.0437,3.8852,22.41,90,100,0.47,FR,1717781161
43,puerto natales,-51.7236,-72.4875,3.25,93,75,2.57,CL,1717781161
44,bridgewater,44.3835,-64.5155,16.73,95,100,5.66,CA,1717781161
45,vernon,50.2581,-119.2691,22.56,31,29,2.24,CA,1717781048
46,pionerskiy,54.9508,20.2275,14.91,63,100,0.66,RU,1717781161
47,yellowknife,62.456,-114.3525,6.34,95,100,9.26,CA,1717781026
48,nagina,29.45,78.45,33.19,19,2,2.8,IN,1717781162
49,acarau,-2.8856,-40.12,29.85,67,64,6.01,BR,1717781162
50,papatowai,-46.5619,169.4708,7.62,96,48,2.56,NZ,1717781162
51,nalgonda,17.05,79.2667,29.82,63,64,5.09,IN,1717781162
52,bredasdorp,-34.5322,20.0403,11.27,81,17,2.46,ZA,1717781162
53,point vernon,-25.25,152.8167,11.17,72,0,2.68,AU,1717781163
54,wuxue,29.8506,115.5525,21.43,86,87,0.59,CN,1717781163
55,fiambala,-27.6871,-67.6149,23.5,13,28,3.59,AR,1717781163
56,nguruka,-5.1092,31.0419,22.78,43,3,1.69,TZ,1717781163
57,srikakulam,18.3,83.9,29.43,78,73,6.0,IN,1717781163
58,whitehorse,60.7161,-135.0538,11.17,46,20,1.54,CA,1717781163
59,new norfolk,-42.7826,147.0587,4.28,93,26,1.36,AU,1717781163
60,bethel,41.3712,-73.414,29.56,44,0,3.6,US,1717781164
61,greenville,35.6127,-77.3663,31.18,47,0,3.09,US,1717781071
62,afaahiti,-17.75,-149.2833,23.93,82,93,5.24,PF,1717780990
63,egilsstadir,65.2653,-14.3948,4.95,87,75,8.75,IS,1717781032
64,port saint john's,-31.6229,29.5448,15.55,84,100,5.64,ZA,1717781164
65,badger,64.8,-147.5333,15.14,65,75,1.54,US,1717781164
66,college,64.8569,-147.8028,15.18,68,75,1.54,US,1717781164
67,batticaloa,7.7102,81.6924,26.97,85,97,4.88,LK,1717781165
68,lata,40.1629,-8.3327,25.02,53,88,4.08,PT,1717781132
69,jorhat,26.75,94.2167,27.63,73,0,3.28,IN,1717781165
70,auki,-8.7676,160.7034,24.4,95,100,0.88,SB,1717781165
71,aasiaat,68.7098,-52.8699,0.35,90,100,4.29,GL,1717781165
72,queenstown,-31.8976,26.8753,9.01,69,86,1.23,ZA,1717781165
73,quellon,-43.1167,-73.6167,11.43,95,100,5.23,CL,1717781166
74,ilulissat,69.2167,-51.1,1.01,86,75,2.06,GL,1717781019
75,verkhniy baskunchak,48.2256,46.7217,24.66,46,45,6.29,RU,1717781166
76,bamboo flat,11.7,92.7167,28.05,83,75,1.54,IN,1717781104
77,kharupatia,26.5167,92.1333,28.08,73,0,1.08,IN,1717781166
78,copiapo,-27.3667,-70.3333,26.91,25,37,2.71,CL,1717781167
79,sitka,57.0531,-135.33,9.94,76,0,0.0,US,1717781167
80,longyearbyen,78.2186,15.6401,7.91,57,0,3.09,SJ,1717781051
81,puerto leguizamo,-0.1934,-74.7819,26.56,76,99,1.81,CO,1717781167
82,vuktyl,63.8567,57.3094,14.5,64,31,0.65,RU,1717781167
83,isafjordur,66.0755,-23.124,5.02,81,75,8.23,IS,1717781167
84,ust-nera,64.5667,143.2,12.19,65,38,3.81,RU,1717781084
85,kharp,66.8014,65.8081,3.73,84,52,3.25,RU,1717781168
86,faya-largeau,17.9257,19.1043,40.86,7,4,3.95,TD,1717781138
87,talnakh,69.4865,88.3972,-1.55,95,93,4.91,RU,1717781087
88,greymouth,-42.4667,171.2,6.05,91,13,2.7,NZ,1717781168
89,yuzhno-kurilsk,44.0306,145.8556,11.32,86,70,3.34,RU,1717781168
90,hawaiian paradise park,19.5933,-154.9731,22.8,91,100,3.09,US,1717781043
91,benghazi,32.1167,20.0667,23.74,72,0,6.62,LY,1717781168
92,sao tome,0.3365,6.7273,25.49,77,39,3.86,ST,1717781059
93,mount gambier,-37.8333,140.7667,7.57,99,80,0.83,AU,1717781169
94,lashio,22.9333,97.75,20.93,97,37,0.36,MM,1717781169
95,wailua homesteads,22.0669,-159.378,25.48,88,40,2.57,US,1717781169
96,pisco,-13.7,-76.2167,17.03,88,100,2.06,PE,1717781042
97,fort bragg,35.139,-79.006,31.91,39,75,5.14,US,1717781169
98,callao,-12.0667,-77.15,19.16,72,40,4.63,PE,1717781164
99,baker city,44.7749,-117.8344,24.22,40,0,2.57,US,1717781170
100,natal,-5.795,-35.2094,29.36,70,75,5.66,BR,1717780922
101,avarua,-21.2078,-159.775,17.03,82,40,1.54,CK,1717781091
102,trairi,-3.2778,-39.2689,29.11,70,71,4.79,BR,1717781054
103,sur,22.5667,59.5289,33.44,57,26,4.78,OM,1717781115
104,waitangi,-43.9535,-176.5597,11.01,86,81,8.05,NZ,1717781021
105,kamakwie,9.5,-12.2333,31.03,65,97,1.86,SL,1717781112
106,novyye burasy,52.1324,46.0714,20.37,85,23,2.84,RU,1717781171
107,arvayheer,46.2639,102.775,15.67,31,50,1.67,MN,1717780871
108,hermanus,-34.4187,19.2345,11.56,75,41,5.31,ZA,1717780889
109,lisala,2.15,21.5167,24.62,77,77,1.34,CD,1717781171
110,uliastay,47.7417,96.8444,13.93,24,53,2.88,MN,1717781171
111,polyarnyy,69.1989,33.4478,14.35,60,19,9.56,RU,1717781022
112,kudahuvadhoo,2.6708,72.8944,28.58,76,98,5.03,MV,1717781171
113,shakiso,5.75,38.9167,16.16,96,75,0.63,ET,1717781172
114,colonia,50.9333,6.95,22.2,39,0,3.09,DE,1717780882
115,petropavlovsk-kamchatsky,53.0452,158.6483,11.36,60,0,3.0,RU,1717781031
116,leh,34.1667,77.5833,8.32,34,84,2.39,IN,1717781172
117,fasa,28.9383,53.6482,26.58,22,20,2.06,IR,1717781173
118,galle,6.0367,80.217,27.39,82,52,6.02,LK,1717781173
119,xinyuan,37.3,99.0,2.85,100,100,0.77,CN,1717781173
120,birao,10.2849,22.7882,33.45,35,76,3.55,CF,1717781173
121,daru,-9.0763,143.2092,25.23,89,40,5.14,PG,1717781173
122,maintirano,-18.0667,44.0167,25.67,75,0,2.7,MG,1717781173
123,sabang,5.8933,95.3214,29.31,75,98,4.07,ID,1717781060
124,tommot,58.9564,126.2925,7.4,82,20,0.9,RU,1717781052
125,skadovs'k,46.1161,32.9112,23.55,60,2,5.99,UA,1717781174
126,miles city,46.4083,-105.8406,24.54,35,0,6.69,US,1717781174
127,altai,46.3722,96.2583,14.8,20,38,3.78,MN,1717781174
128,paradip garh,20.3167,86.6167,29.82,76,96,8.24,IN,1717781174
129,arauco,-37.2463,-73.3175,16.34,83,100,1.15,CL,1717781174
130,el vigia,8.6219,-71.6506,32.54,58,30,2.85,VE,1717781175
131,kondoa,-4.9,35.7833,19.15,57,4,0.71,TZ,1717781175
132,kuta,-8.7233,115.1723,25.97,94,40,5.36,ID,1717781175
133,lerwick,60.1545,-1.1494,10.0,72,73,6.61,GB,1717781077
134,vorgashor,67.5833,63.95,-1.22,93,100,4.32,RU,1717781176
135,jablonec nad nisou,50.7243,15.1711,19.75,55,68,3.68,CZ,1717781176
136,qianzhou,28.3167,109.7167,18.76,90,100,0.54,CN,1717781176
137,severnoye,56.3491,78.3619,13.88,78,100,3.58,RU,1717781176
138,ola,59.5833,151.2833,8.41,88,100,3.07,RU,1717781061
139,susuman,62.7833,148.1667,10.55,53,93,4.02,RU,1717781176
140,battle ground,45.7809,-122.5334,21.42,62,9,1.34,US,1717781176
141,port douglas,-16.4833,145.4667,19.13,76,1,1.62,AU,1717781177
142,brokopondo,4.75,-55.1667,30.07,64,11,0.99,SR,1717781177
143,isla mujeres,21.2311,-86.731,34.03,68,0,4.82,MX,1717781177
144,georgetown,5.4112,100.3354,28.97,78,20,2.06,MY,1717781014
145,solleftea,63.1667,17.2667,12.92,37,100,3.21,SE,1717781111
146,wongsorejo,-7.9908,114.4009,24.7,92,86,5.0,ID,1717781177
147,santa ana,33.7456,-117.8678,23.31,88,100,4.12,US,1717781177
148,guiuan,11.0333,125.7247,29.15,73,100,4.75,PH,1717780991
149,west wodonga,-36.1257,146.8486,8.75,100,1,2.06,AU,1717781178
150,happy valley-goose bay,53.3168,-60.3315,23.17,43,20,4.63,CA,1717780956
151,port alfred,-33.5906,26.891,15.88,73,93,5.4,ZA,1717781085
152,kluang,2.0251,103.3328,25.25,90,93,0.89,MY,1717781178
153,santyoku,37.4406,129.1708,19.99,70,100,2.87,KR,1717781178
154,st. john's,47.5649,-52.7093,16.49,79,75,2.24,CA,1717781178
155,basco,20.4487,121.9702,28.72,76,100,3.07,PH,1717781179
156,abilene,32.4487,-99.7331,35.66,51,0,7.2,US,1717780941
157,kurumkan,54.3,110.3,11.18,45,0,3.58,RU,1717781180
158,anadyr,64.75,177.4833,0.28,86,75,3.0,RU,1717781025
159,esquina,-30.0144,-59.5272,27.48,52,2,3.03,AR,1717781180
160,port augusta,-32.5,137.7667,8.76,92,53,1.49,AU,1717781181
161,mejit,10.2753,170.8646,28.11,80,100,8.11,MH,1717781181
162,sogod,10.3847,124.9814,25.17,88,63,0.93,PH,1717781181
163,aljezur,37.3191,-8.8033,18.67,81,75,4.18,PT,1717781181
164,sarina,-21.4333,149.2167,11.45,1,0,2.08,AU,1717781181
165,golfito,8.639,-83.166,27.11,75,100,1.69,CR,1717781181
166,invercargill,-46.4,168.35,7.79,97,47,1.35,NZ,1717781181
167,fortuna,40.5982,-124.1573,19.96,75,20,0.0,US,1717781182
168,philadelphia,39.9523,-75.1638,30.34,38,75,7.72,US,1717780916
169,hadibu,12.65,54.0333,29.3,77,88,6.75,YE,1717781079
170,nema,57.5067,50.5011,15.38,92,82,2.05,RU,1717781182
171,belyy yar,53.6039,91.3903,15.94,94,20,4.0,RU,1717781182
172,west island,-12.1568,96.8225,26.99,78,40,4.12,CC,1717781016
173,puerto armuelles,8.2833,-82.8667,30.99,72,100,1.79,PA,1717781182
174,miracema do tocantins,-9.5618,-48.3967,35.42,27,23,3.2,BR,1717781183
175,coxim,-18.5067,-54.76,34.01,23,0,2.92,BR,1717781183
176,el eulma,36.1528,5.6902,32.34,40,52,1.54,DZ,1717781183
177,puerto cabezas,14.0351,-83.3888,30.98,79,75,2.06,NI,1717781183
178,lapai,9.05,6.5667,30.41,64,90,3.45,NG,1717781183
179,santarem,-2.4431,-54.7083,32.07,66,20,5.14,BR,1717781092
180,lebu,-37.6167,-73.65,15.62,83,100,1.85,CL,1717781184
181,saldanha,-33.0117,17.9442,13.03,76,0,4.57,ZA,1717781184
182,port lincoln,-34.7333,135.8667,11.68,81,99,2.85,AU,1717781184
183,kulunda,52.566,78.9385,17.57,85,100,5.81,RU,1717781184
184,uturoa,-16.7333,-151.4333,26.13,81,40,4.48,PF,1717781184
185,xining,36.6167,101.7667,10.89,79,100,1.15,CN,1717781184
186,bodo,67.28,14.405,13.76,67,0,5.14,NO,1717781185
187,eureka,40.8021,-124.1637,20.11,78,0,2.24,US,1717781185
188,la passe,45.5549,-0.8967,25.13,70,100,5.22,FR,1717781185
189,birobidzhan,48.8,132.95,15.13,98,100,1.91,RU,1717781185
190,celestun,20.8667,-90.4,33.97,54,2,4.0,MX,1717781185
191,axim,4.8699,-2.2405,26.83,83,89,3.93,GH,1717781185
192,lexington,37.9887,-84.4777,25.0,37,0,8.23,US,1717781117
193,airdrie,55.866,-3.9803,13.36,52,50,6.69,GB,1717781186
194,kapuskasing,49.4169,-82.4331,18.05,72,75,3.6,CA,1717781186
195,betio village,1.358,172.9211,28.02,72,100,4.5,KI,1717781186
196,tokar,18.4254,37.729,35.88,30,0,1.63,SD,1717781186
197,bathsheba,13.2167,-59.5167,31.34,70,20,8.23,BB,1717781181
198,utrik,11.2278,169.8474,28.14,81,96,7.51,MH,1717781186
199,vilyuysk,63.7553,121.6247,12.78,52,1,2.24,RU,1717781187
200,tchintabaraden,15.8969,5.7985,34.95,30,38,11.25,NE,1717781187
201,tual,-5.6667,132.75,26.68,81,93,10.83,ID,1717781063
202,port mathurin,-19.6833,63.4167,23.62,75,56,10.91,MU,1717781187
203,cayiralan,39.3028,35.6439,16.87,81,73,1.71,TR,1717781187
204,aswan,24.0934,32.907,46.61,6,0,3.6,EG,1717781187
205,emerald,-23.5333,148.1667,8.56,66,0,3.48,AU,1717781187
206,thompson,55.7435,-97.8558,8.09,81,100,1.03,CA,1717781089
207,arafat,21.3594,39.9664,36.59,17,0,1.86,SA,1717781188
208,jayapura,-2.5333,140.7,23.66,91,76,1.2,ID,1717781188
209,margaret river,-33.95,115.0667,12.83,73,44,3.13,AU,1717781034
210,fada,9.5667,8.3,21.99,88,92,3.61,NG,1717781188
211,quelimane,-17.8786,36.8883,24.97,83,0,2.14,MZ,1717781188
212,horta,38.5333,-28.6333,20.8,82,20,4.63,PT,1717781189
213,nili,33.7218,66.1302,17.72,25,22,3.3,AF,1717781189
214,katsuura,35.1333,140.3,18.18,82,2,2.32,JP,1717781189
215,hamilton,39.1834,-84.5333,25.33,44,75,7.72,US,1717781073
216,naze,28.3667,129.4833,21.51,90,100,5.19,JP,1717781189
217,constantia,44.1833,28.65,24.38,69,0,3.53,RO,1717781189
218,mersing,2.4312,103.8405,24.95,94,20,3.09,MY,1717781189
219,ampanihy,-24.7,44.75,21.01,61,0,2.79,MG,1717781190
220,constitucion,-35.3333,-72.4167,17.65,75,100,1.19,CL,1717781190
221,nieuw amsterdam,5.8833,-55.0833,32.09,66,40,2.57,SR,1717781190
222,hampton bays,40.869,-72.5176,27.08,54,100,3.6,US,1717781190
223,midvagur,62.0511,-7.1939,8.46,71,75,5.14,FO,1717781190
224,namibe,-15.1961,12.1522,20.9,61,2,2.92,AO,1717781054
225,santa rosa,14.3122,121.1114,27.26,98,100,1.13,PH,1717781036
226,tunceli,39.1083,39.5471,22.67,56,21,3.46,TR,1717781005
227,brookings,44.3114,-96.7984,22.92,39,0,1.54,US,1717781061
228,kenda,23.2,86.5333,34.09,43,14,4.85,IN,1717781191
229,arno,60.1167,18.6333,13.21,37,96,4.84,SE,1717781112
230,aroma,15.8167,36.1333,40.65,14,28,2.7,SD,1717781111
231,minas de marcona,-15.2119,-75.1103,19.94,51,0,2.77,PE,1717781192
232,labrador city,52.9463,-66.9114,25.95,33,40,4.12,CA,1717781108
233,poronaysk,49.2167,143.1167,9.69,94,91,6.02,RU,1717781193
234,nagqu,31.5,92.0,5.87,77,97,2.59,CN,1717781193
235,soio,-6.1349,12.3689,23.53,81,57,4.91,AO,1717781193
236,kingston,17.997,-76.7936,29.53,79,20,9.26,JM,1717781057
237,weno,7.4515,151.8468,27.97,94,75,3.6,FM,1717781126
238,san antonio de pale,-1.4014,5.6325,24.99,78,14,4.5,GQ,1717781111
239,dire dawa,9.5931,41.8661,28.6,44,84,4.42,ET,1717781194
240,acapulco de juarez,16.8634,-99.8901,28.9,74,40,4.12,MX,1717781194
241,dwarka,22.2394,68.9678,29.34,80,0,6.81,IN,1717781194
242,chilliwack,49.1747,-121.9443,22.46,37,29,4.02,CA,1717781194
243,clovis,36.8252,-119.7029,35.47,38,20,2.06,US,1717781094
244,kiamba,5.9894,124.6242,26.08,86,99,1.33,PH,1717781195
245,zaozersk,69.4005,32.4476,12.39,67,26,8.08,RU,1717781195
246,porto seguro,-16.4497,-39.0647,27.29,69,75,2.06,BR,1717781195
247,mata-utu,-13.2816,-176.1745,27.59,70,94,7.43,WF,1717781195
248,carnarvon,-24.8667,113.6333,22.53,72,5,5.03,AU,1717781045
249,tanabe,33.7333,135.3667,17.03,88,80,2.2,JP,1717781195
250,tazovsky,67.4667,78.7,0.52,93,100,4.36,RU,1717781195
251,farafangana,-22.8167,47.8333,22.15,82,9,4.19,MG,1717781196
252,cabo san lucas,22.8909,-109.9124,33.67,44,40,4.12,MX,1717781083
253,soto la marina,23.7667,-98.2167,36.7,35,19,2.68,MX,1717781196
254,kamakhyanagar,20.9333,85.55,31.1,64,49,3.14,IN,1717781196
255,katpur,21.05,71.7833,31.25,67,36,6.12,IN,1717781196
256,alofi,-19.0595,-169.9187,20.94,83,40,3.09,NU,1717781196
257,devils lake,48.1128,-98.8651,18.99,43,75,6.17,US,1717781071
258,phan rang-thap cham,11.5667,108.9833,26.8,84,100,1.33,VN,1717781196
259,milford haven,51.7128,-5.0341,15.06,75,3,5.88,GB,1717781197
260,alta,69.9689,23.2717,11.59,76,75,1.03,NO,1717781197
261,fort st. john,56.2499,-120.8529,15.94,31,20,6.17,CA,1717781147
262,nuuk,64.1835,-51.7216,6.34,81,75,5.14,GL,1717781040
263,tamiahua,21.2667,-97.45,33.73,53,5,4.77,MX,1717781197
264,bangui,4.3612,18.555,28.1,65,75,6.69,CF,1717781197
265,dawson creek,55.7666,-120.2362,15.8,29,0,5.66,CA,1717781018
266,vilyuchinsk,52.9306,158.4028,12.18,68,87,3.85,RU,1717781198
267,brisas de zicatela,15.8369,-97.0419,30.29,74,40,3.09,MX,1717781198
268,novyy urengoy,66.0833,76.6333,-0.16,94,63,1.78,RU,1717781198
269,amurzet,47.6967,131.0981,17.67,83,100,5.33,RU,1717781198
270,cockburn town,21.4612,-71.1419,25.98,89,75,0.0,TC,1717781036
271,iskateley,67.6803,53.1512,4.45,87,3,1.79,RU,1717781198
272,bernay,49.1667,0.6667,19.9,61,17,3.32,FR,1717781199
273,saint-philippe,-21.3585,55.7679,21.77,84,42,5.22,RE,1717781199
274,krasavino,60.9614,46.4814,19.4,65,30,1.71,RU,1717781199
275,al hawatah,13.4167,34.6333,38.59,22,20,3.5,SD,1717781199
276,caohe,30.2297,115.4335,21.49,85,79,0.52,CN,1717781199
277,banjarmasin,-3.3244,114.591,25.08,99,100,2.27,ID,1717781003
278,salalah,17.0151,54.0924,31.05,79,75,4.12,OM,1717781200
279,ribeira grande,38.5167,-28.7,21.22,78,20,4.63,PT,1717781200
280,santa ana de yacuma,-13.75,-65.4333,31.97,48,20,0.0,BO,1717781200
281,luganville,-15.5333,167.1667,24.81,82,48,4.14,VU,1717781201
282,waiuku,-37.25,174.75,14.07,92,99,1.51,NZ,1717781024
283,olinda,-8.0089,-34.8553,28.85,79,75,4.12,BR,1717781201
284,machico,32.7,-16.7667,23.96,88,40,1.03,PT,1717781201
285,el hadjira,32.6134,5.5126,39.83,12,5,4.66,DZ,1717781201
286,arraial do cabo,-22.9661,-42.0278,26.98,69,20,7.72,BR,1717780923
287,mount pearl,47.5166,-52.7813,16.03,81,75,2.68,CA,1717781042
288,kailua-kona,19.6406,-155.9956,25.98,86,75,3.09,US,1717781202
289,udachny,66.4167,112.4,11.36,50,100,5.04,RU,1717781202
290,labuan,5.2767,115.2417,27.2,89,20,0.0,MY,1717781164
291,puerto carreno,6.189,-67.4859,31.99,62,40,2.06,CO,1717781203
292,kourou,5.1552,-52.6478,28.03,62,20,3.4,GF,1717781203
293,sao joao da barra,-21.6403,-41.0511,27.05,79,0,4.65,BR,1717781017
294,praia da vitoria,38.7333,-27.0667,22.14,73,20,4.79,PT,1717780994
295,aban,56.67,96.06,10.43,72,93,4.09,RU,1717781203
296,nyurba,63.2842,118.3319,10.79,71,83,1.02,RU,1717781203
297,plastun,44.7561,136.2939,12.39,95,100,0.82,RU,1717781203
298,haifa,32.8156,34.9892,26.78,82,1,0.45,IL,1717781204
299,kilindoni,-7.9139,39.6668,26.73,70,5,5.55,TZ,1717781204
300,tura,25.5198,90.2201,25.68,77,0,3.33,IN,1717781204
301,tsiombe,-25.3,45.4833,21.51,75,0,1.06,MG,1717781099
302,tynda,55.1667,124.7167,7.67,58,0,0.99,RU,1717781204
303,medicine hat,50.0501,-110.6683,17.24,39,75,3.09,CA,1717781079
304,kirensk,57.7853,108.1119,8.31,64,22,1.79,RU,1717781022
305,mithi,24.7318,69.7981,30.87,67,4,9.39,PK,1717781205
306,huanan,46.2167,130.5167,16.35,91,100,2.72,CN,1717781205
307,mawu,29.5923,107.3139,18.6,92,100,0.79,CN,1717781205
308,hamois,50.3348,5.1512,18.31,78,25,3.53,BE,1717781205
309,labasa,-16.4167,179.3833,21.4,88,32,2.91,FJ,1717781205
310,saipan,15.1355,145.701,28.39,78,40,4.63,MP,1717781205
311,xilin hot,43.9667,116.0333,14.73,28,36,1.7,CN,1717781151
312,kuanda,56.3161,116.0806,4.36,98,100,1.83,RU,1717781206
313,jamestown,42.097,-79.2353,17.77,87,100,8.05,US,1717781131
314,tutoia,-2.7619,-42.2744,30.49,63,93,4.7,BR,1717781206
315,sitangkai,4.6628,119.3928,28.25,76,96,2.19,PH,1717781206
316,balaklava,44.5,33.6,24.65,41,0,2.86,UA,1717780959
317,san matias,-16.3667,-58.4,35.15,22,0,2.62,BO,1717781207
318,tocopilla,-22.092,-70.1979,19.75,70,5,1.87,CL,1717781207
319,argostolion,38.1811,20.489,29.04,54,0,5.66,GR,1717781207
320,smithers,54.7804,-127.1743,12.18,54,20,1.54,CA,1717781207
321,tianpeng,30.9866,103.9393,22.26,68,100,2.34,CN,1717781207
322,enewetak,11.3474,162.3373,28.31,80,46,7.24,MH,1717781207
323,hithadhoo,-0.6,73.0833,28.69,72,57,3.67,MV,1717781208
324,saint-pierre,-21.3393,55.4781,21.82,73,0,4.63,RE,1717781182
325,bella vista,36.4295,-94.2316,31.3,43,75,4.63,US,1717781208
326,porbandar,21.6422,69.6093,29.95,77,17,6.16,IN,1717781208
327,bure,10.7,37.0667,19.72,65,94,2.29,ET,1717781208
328,broome,42.2506,-75.833,23.17,65,100,6.17,US,1717781040
329,flin flon,54.7682,-101.865,9.91,66,75,4.12,CA,1717781209
330,odessa,46.4775,30.7326,23.33,60,3,4.27,UA,1717781209
331,tsirang,27.0219,90.1229,20.05,96,39,1.86,BT,1717781210
332,neiafu,-18.65,-173.9833,24.38,73,20,4.63,TO,1717781210
333,omuo-ekiti,7.7583,5.7223,26.5,75,93,2.39,NG,1717781210
334,borzya,50.3833,116.5167,10.47,71,100,5.23,RU,1717781211
335,margate,51.3813,1.3862,18.72,60,69,7.17,GB,1717781211
336,khandyga,62.6667,135.6,7.39,91,15,1.85,RU,1717781211
337,mwinilunga,-11.7358,24.4293,20.45,33,72,2.35,ZM,1717781211
338,tanumah,27.1,44.1333,37.75,6,0,4.92,SA,1717781110
339,novofedorovka,46.1713,32.3178,22.57,62,0,3.92,UA,1717781211
340,zaigrayevo,51.8336,108.2703,8.92,67,6,1.83,RU,1717781212
341,shush,32.1942,48.2436,39.43,9,0,3.61,IR,1717781212
342,tosontsengel,48.7567,98.2839,10.7,46,7,2.03,MN,1717781212
343,sarangani,5.4033,125.4636,28.21,76,100,0.69,PH,1717780991
344,christchurch,-43.5333,172.6333,6.08,85,94,0.0,NZ,1717781212
345,mlangali,-9.7833,34.5167,13.48,86,6,2.13,TZ,1717781212
346,lamu,-2.2717,40.902,26.33,81,36,6.76,KE,1717781212
347,manokwari,-0.8667,134.0833,26.15,83,100,1.0,ID,1717781045
348,mili,6.0815,171.735,28.44,77,100,5.43,MH,1717781193
349,sint michiel liber,12.15,-68.9833,31.9,70,40,8.23,CW,1717781150
350,caister-on-sea,52.6481,1.7265,18.37,83,92,5.75,GB,1717781213
351,lichuan,30.3,108.85,16.33,97,100,1.03,CN,1717781213
352,chonchi,-42.6128,-73.8092,12.29,97,100,2.06,CL,1717781213
353,bytow,54.1706,17.4919,14.0,73,79,1.71,PL,1717781213
354,mar del plata,-38.0023,-57.5575,21.01,67,0,1.54,AR,1717781119
355,swift current,50.2834,-107.8014,17.45,31,0,8.23,CA,1717781214
356,chui,-33.6971,-53.4616,19.17,88,100,1.07,UY,1717781214
357,hammerfest,70.6634,23.6821,11.25,82,75,2.06,NO,1717781058
358,jhalu,29.35,78.25,34.01,20,2,3.97,IN,1717781214
359,chernyshevskiy,63.0128,112.4714,6.98,90,100,3.53,RU,1717781185
360,kushiro,42.975,144.3747,12.53,100,100,0.51,JP,1717781214
361,howard springs,-12.497,131.047,16.95,55,5,3.19,AU,1717781058
362,mudon,16.2578,97.7164,25.48,93,100,5.0,MM,1717781215
363,aripuana,-9.1667,-60.6333,35.96,30,44,1.87,BR,1717781215
364,kaga bandoro,6.9896,19.1874,30.51,51,70,3.67,CF,1717781215
365,mozhga,56.4447,52.2276,16.33,93,87,3.69,RU,1717781215
366,poltavka,54.3663,71.7632,17.67,85,29,4.04,RU,1717781215
367,barreirinha,-2.7933,-57.07,32.59,54,43,2.42,BR,1717781216
368,buurhakaba,2.8026,44.0781,25.99,70,100,7.44,SO,1717781216
369,yangjiang,21.85,111.9667,24.43,95,100,1.77,CN,1717781216
370,keflavik,64.0049,-22.5624,9.24,66,20,7.72,IS,1717781216
371,floro,61.5996,5.0328,12.04,81,75,9.77,NO,1717781216
372,lazaro cardenas,17.9583,-102.2,29.18,57,10,4.05,MX,1717781053
373,ar ruways,24.1103,52.7306,33.2,38,0,2.17,AE,1717781216
374,tres isletas,-26.3407,-60.4321,31.8,27,13,4.91,AR,1717781217
375,priozersk,61.0393,30.1291,18.89,54,68,3.53,RU,1717781217
376,vadso,70.0744,29.7487,8.49,71,0,10.8,NO,1717781217
377,atafu village,-8.5421,-172.5159,28.7,75,59,3.57,TK,1717781217
378,tromso,69.6496,18.957,9.01,87,75,1.54,NO,1717781217
379,santana,-0.0583,-51.1817,31.1,74,40,4.63,BR,1717781030
380,maues,-3.3836,-57.7186,31.71,65,96,0.62,BR,1717781217
381,zhongshu,24.5167,103.7667,18.88,97,100,1.54,CN,1717781218
382,cole harbour,44.6724,-63.4751,20.66,88,75,5.14,CA,1717781218
383,siluko,6.5386,5.1609,27.06,82,92,2.18,NG,1717780929
384,sabana de la mar,19.0593,-69.3884,30.99,79,75,2.06,DO,1717781218
385,timbuktu,16.7735,-3.0074,39.95,20,25,8.64,ML,1717781218
386,katsuren-haebaru,26.3369,127.8719,25.22,92,100,4.63,JP,1717781218
387,salinopolis,-0.6136,-47.3561,29.91,66,58,6.91,BR,1717781022
388,essaouira,31.5125,-9.77,22.72,64,40,6.17,MA,1717781219
389,ao luek,8.378,98.7212,27.07,88,75,1.25,TH,1717781219
390,champerico,14.3,-91.9167,31.3,68,100,2.76,GT,1717781219
391,dondo,-19.6094,34.7431,24.73,69,0,1.44,MZ,1717781219
392,severo-yeniseyskiy,60.3725,93.0408,7.54,73,42,1.79,RU,1717781219
393,mayya,61.7333,130.2811,16.62,69,66,0.77,RU,1717781220
394,akhaltsikhe,41.639,42.9826,16.26,94,37,1.58,GE,1717781220
395,holualoa,19.6228,-155.9522,23.91,86,75,3.09,US,1717781220
396,mombetsu,44.3525,143.3525,11.88,94,58,2.28,JP,1717781220
397,saurimo,-9.6608,20.3916,24.44,36,65,1.38,AO,1717781221
398,harper,4.375,-7.7169,26.83,84,89,5.39,LR,1717781221
399,serafimovich,49.5786,42.736,20.35,79,91,7.17,RU,1717781221
400,jilib,0.4883,42.7854,25.2,82,41,4.27,SO,1717781221
401,nazyvayevsk,55.5698,71.3529,16.17,95,36,2.87,RU,1717781221
402,richards bay,-28.783,32.0377,18.97,64,93,10.04,ZA,1717781221
403,jiaxing,30.7522,120.75,19.76,97,100,1.89,CN,1717781221
404,talakan,50.3167,130.3667,13.16,78,75,1.23,RU,1717781222
405,nadi,-17.8,177.4167,19.0,82,20,0.0,FJ,1717781036
406,cooper's town,26.8667,-77.5167,28.31,72,4,1.83,BS,1717781222
407,warman,52.3168,-106.5679,17.95,34,40,9.77,CA,1717781222
408,north myrtle beach,33.816,-78.68,33.38,74,100,4.63,US,1717780979
409,hami,42.8,93.45,25.55,10,1,2.44,CN,1717781222
410,kapa'a,22.0752,-159.319,26.77,86,40,2.57,US,1717781018
411,hermosillo,29.0667,-110.9667,38.49,14,0,1.54,MX,1717780968
412,tidjikja,18.5564,-11.4271,41.95,9,19,5.27,MR,1717781223
413,kaspiyskiy,45.3929,47.3707,29.27,32,89,4.85,RU,1717781122
414,codrington,-38.2667,141.9667,7.04,93,30,1.86,AU,1717781015
415,qoryooley,1.7878,44.53,25.13,86,88,6.48,SO,1717781223
416,kerikeri,-35.2268,173.9474,17.17,94,99,0.89,NZ,1717781223
417,kimbe,-5.5502,150.1429,24.32,93,94,1.59,PG,1717781224
418,kot malik barkhurdar,30.1944,66.993,24.3,11,28,1.81,PK,1717781224
419,villa bruzual,9.3328,-69.1208,28.4,79,23,1.92,VE,1717781224
420,chimore,-16.9833,-65.1333,31.13,42,15,2.11,BO,1717781224
421,dudinka,69.4058,86.1778,-1.29,96,97,8.05,RU,1717781224
422,darwin,-12.4611,130.8418,16.99,51,5,3.09,AU,1717781224
423,mhamid,29.82,-5.72,36.74,7,82,11.12,MA,1717781225
424,thinadhoo,0.5333,72.9333,28.69,73,82,3.62,MV,1717781225
425,cafayate,-26.073,-65.9761,23.49,27,63,3.15,AR,1717781225
426,fale old settlement,-9.3852,-171.2468,28.62,77,58,4.99,TK,1717781060
427,pankrushikha,53.8319,80.3406,15.99,97,84,2.58,RU,1717781225
428,igarka,67.4667,86.5833,0.57,85,63,0.89,RU,1717781225
429,bafia,4.75,11.2333,24.43,93,61,2.38,CM,1717781226
430,el granada,37.5027,-122.4694,24.7,80,75,7.2,US,1717781226
431,oppdal,62.5943,9.6912,7.67,72,96,2.91,NO,1717780931
432,turkestan,43.3333,68.25,22.4,58,78,4.84,KZ,1717781227
433,cativa,9.3606,-79.8436,32.33,62,100,1.34,PA,1717781152
434,nemuro,43.3236,145.575,9.34,98,45,3.45,JP,1717781227
435,llallagua,-18.4167,-66.6333,14.21,10,1,6.6,BO,1717781228
436,beau vallon,-20.4189,57.6953,23.45,73,40,4.63,MU,1717781159
437,onguday,50.75,86.15,13.01,81,74,2.08,RU,1717781228
438,birjand,32.8663,59.2211,24.26,8,0,5.14,IR,1717781228
439,ankang,32.68,109.0172,20.66,78,22,0.56,CN,1717781228
440,ternate,0.8,127.4,26.59,81,98,1.39,ID,1717781228
441,greenland,43.0362,-70.8328,28.34,74,40,1.54,US,1717781200
442,paramonga,-10.6667,-77.8333,21.0,71,43,4.51,PE,1717781229
443,an nuhud,12.7,28.4333,33.15,35,73,7.68,SD,1717781178
444,kievka,50.2619,71.5514,18.58,75,38,4.83,KZ,1717781230
445,yaren,-0.5472,166.916,28.62,72,22,3.12,NR,1717781230
446,biryusinsk,55.9634,97.8235,10.39,75,75,1.94,RU,1717781230
447,bodaybo,57.8506,114.1933,2.62,100,100,0.65,RU,1717781230
448,champoton,19.35,-90.7167,34.51,50,16,3.98,MX,1717781230
449,kohtla-jarve,59.3986,27.2731,12.99,71,46,2.89,EE,1717781231
450,waingapu,-9.6567,120.2641,24.09,85,80,4.25,ID,1717781231
451,bikenibeu village,1.3673,173.1241,27.98,78,40,2.06,KI,1717781231
452,ibanda,-2.7974,32.4746,21.7,59,23,0.61,TZ,1717781231
453,ruteng,-8.6136,120.4721,17.8,100,100,1.71,ID,1717781232
454,rio grande,-32.035,-52.0986,24.06,83,38,1.22,BR,1717780979
455,port hedland,-20.3167,118.5667,14.03,72,2,2.57,AU,1717781233
456,tolanaro,-25.0319,46.9987,24.04,83,20,9.26,MG,1717781055
457,antalaha,-14.9003,50.2788,21.89,84,5,4.07,MG,1717781233
458,tuzantla,19.2029,-100.5668,37.1,15,8,1.64,MX,1717781233
459,ono,34.85,134.9333,19.71,79,70,0.4,JP,1717781234
460,at taj,24.2049,23.2857,37.1,10,4,5.23,LY,1717781234
461,tulln,48.3283,16.0586,26.22,69,20,5.14,AT,1717781234
462,guajara mirim,-10.7828,-65.3394,34.09,43,20,2.57,BR,1717781235
463,kedougou,12.5579,-12.1743,40.32,31,0,6.17,SN,1717781235
464,semdinli,37.3051,44.5742,23.02,46,2,3.55,TR,1717781235
465,murakami,38.2333,139.4833,16.94,93,30,1.88,JP,1717781235
466,gulf shores,30.246,-87.7008,33.65,66,20,3.13,US,1717780986
467,dawei,14.0833,98.2,25.51,92,100,3.39,MM,1717781237
468,ulety,51.3572,112.4849,6.86,59,29,1.91,RU,1717781237
469,kipushi,-11.7667,27.2333,17.9,40,5,1.21,CD,1717781237
470,cidreira,-30.1811,-50.2056,22.03,73,8,1.5,BR,1717781237
471,lindisfarne,-42.8333,147.35,4.44,95,29,2.06,AU,1717781238
472,revelstoke,50.9832,-118.2023,18.01,39,0,1.03,CA,1717781238
473,charleston,32.7766,-79.9309,33.92,53,0,4.63,US,1717781048
474,vorkuta,67.5,64.0,-1.05,93,100,0.89,RU,1717781239
475,nar'yan-mar,67.6713,53.087,4.5,87,2,1.79,RU,1717781239
476,solnechnyy,50.7214,136.6319,3.91,99,100,0.98,RU,1717781239
477,khanbari,27.3747,87.2039,24.69,76,59,1.57,NP,1717781172
478,kukmor,56.1855,50.8944,19.75,93,49,3.13,RU,1717781240
479,sinop,41.7711,34.8709,17.45,77,99,0.68,TR,1717781240
480,ibia,-19.4783,-46.5389,26.7,32,0,2.16,BR,1717781240
481,luwuk,-0.9516,122.7875,22.6,86,100,1.84,ID,1717781240
482,al mijlad,11.0333,27.7333,33.13,41,72,4.63,SD,1717781241
483,belmonte,-15.8631,-38.8828,27.11,63,31,3.45,BR,1717781241
484,ust'-kulom,61.6864,53.6902,14.79,68,40,1.65,RU,1717781241
485,kalmunai,7.4167,81.8167,27.66,78,71,9.18,LK,1717781241
486,waitara,-38.925,174.25,13.61,80,73,2.46,NZ,1717781241
487,khovd,48.0056,91.6419,19.42,33,100,2.39,MN,1717781241
488,kill devil hills,36.0307,-75.676,30.0,72,0,2.57,US,1717781242
489,kalevala,65.2,31.1667,11.16,79,62,1.79,RU,1717781242
490,gering,41.8258,-103.6605,26.07,38,0,4.12,US,1717781242
491,ulladulla,-35.35,150.4667,12.95,93,72,5.09,AU,1717781242
492,karachayevsk,43.774,41.9142,15.89,93,70,1.93,RU,1717781243
493,hailey,43.5196,-114.3153,24.94,42,0,1.54,US,1717781087
494,gojo,34.35,135.7,19.37,84,66,2.04,JP,1717781243
495,sretensk,52.2453,117.7093,10.15,96,100,3.31,RU,1717781243
496,casper,42.8666,-106.3131,28.23,29,0,3.13,US,1717781023
497,shinas,24.7433,56.4658,34.14,72,0,4.84,OM,1717781244
498,serenje,-13.2325,30.2352,16.38,47,1,2.53,ZM,1717781244
499,petawawa,45.9001,-77.3328,18.77,73,75,2.06,CA,1717781245
500,matoury,4.8483,-52.3317,27.98,83,75,2.57,GF,1717781245
501,bom jesus,-9.0744,-44.3586,36.1,22,5,3.23,BR,1717781245
502,gaigeturi,33.4644,126.3183,21.03,83,75,1.54,KR,1717781056
503,bayanhongor,46.7167,100.1167,11.62,26,92,2.53,MN,1717781245
504,concepcion,-36.827,-73.0498,16.89,82,40,3.09,CL,1717781189
505,alice springs,-23.7,133.8833,3.75,93,0,1.54,AU,1717781247
506,bandarbeyla,9.4942,50.8122,26.54,83,22,13.41,SO,1717781112
507,dali,25.7,100.1833,18.15,83,8,2.57,CN,1717781247
508,aleksandrovsk-sakhalinskiy,50.8975,142.1561,11.98,96,100,8.78,RU,1717781247
509,imperatriz,-5.5264,-47.4917,35.03,46,40,4.12,BR,1717780993
510,bereeda,11.8704,51.0579,31.74,60,12,2.4,SO,1717781247
511,lompoc,34.6391,-120.4579,23.72,85,40,2.57,US,1717781035
512,aginskoye,51.1,114.53,9.54,66,86,4.34,RU,1717781248
513,nizhneudinsk,54.9076,99.0276,12.36,88,100,1.32,RU,1717781248
514,kirakira,-10.4544,161.9205,25.02,95,100,2.83,SB,1717781248
515,roscrea,52.9511,-7.8017,15.75,72,96,5.12,IE,1717781248
516,dakhla,23.6848,-15.958,24.01,78,62,5.66,EH,1717781249
517,sandnessjoen,66.0217,12.6316,15.06,51,20,3.09,NO,1717781249
518,malanje,-9.5402,16.341,24.83,36,48,0.59,AO,1717781249
519,the bottom,17.6259,-63.2492,30.07,78,100,6.62,BQ,1717781249
520,portage la prairie,49.9728,-98.2926,20.06,46,75,5.14,CA,1717781249
521,loango,-4.6719,11.8312,23.53,82,48,3.78,CG,1717781249
522,vila velha,-20.3297,-40.2925,25.97,73,20,4.12,BR,1717781102
523,najaf,31.9985,44.3398,39.88,11,0,0.0,IQ,1717781250
524,uacu cungo,-11.3634,15.1208,22.5,38,19,1.53,AO,1717781250
525,odda,60.0691,6.5457,10.98,100,98,1.87,NO,1717781250
526,kafue,-15.7691,28.1814,20.53,35,5,2.42,ZM,1717781250
527,balikpapan,-1.2675,116.8289,24.55,100,20,1.54,ID,1717781251
528,merizo village,13.2658,144.6691,26.85,95,98,4.16,GU,1717781251
529,hirara,24.8,125.2833,26.92,94,75,5.14,JP,1717781251
530,arnprior,45.4334,-76.3494,19.23,67,88,2.98,CA,1717781226
531,bafq,31.6128,55.4107,31.67,10,72,4.39,IR,1717781251
532,bongor,10.2806,15.3722,33.8,41,70,1.3,TD,1717781251
533,moree,-29.4667,149.85,11.34,78,100,1.73,AU,1717781252
534,nakamura,32.9833,132.9333,18.69,97,99,1.34,JP,1717781252
535,westport,41.1415,-73.3579,30.26,41,20,4.12,US,1717781162
536,al qubbah,32.7616,22.2424,21.29,56,0,10.1,LY,1717781086
537,taveta,-3.3963,37.6736,23.47,58,17,3.2,KE,1717781252
538,allada,6.6655,2.1514,27.19,74,96,2.7,BJ,1717781253
539,malango,-2.9627,119.9001,18.91,96,100,1.02,ID,1717781253
540,negotin,44.2264,22.5308,28.08,49,42,0.65,RS,1717781253
541,lagoa,39.05,-27.9833,18.25,76,92,4.45,PT,1717781253
542,ibresi,55.2961,47.0394,18.11,89,61,1.71,RU,1717781254
543,den burg,53.0542,4.7972,17.2,67,100,7.37,NL,1717781254
544,klodawa,52.2545,18.9135,17.65,72,70,5.02,PL,1717781254
545,tejen,37.3834,60.5054,30.84,11,0,2.16,TM,1717781254
546,urumqi,43.801,87.6005,25.53,22,0,3.0,CN,1717781254
547,big stone gap,36.8677,-82.7745,26.34,39,0,4.76,US,1717781255
548,kupang,-10.1667,123.5833,27.32,89,75,4.63,ID,1717781255
549,bhag,29.0415,67.8239,36.69,16,29,5.2,PK,1717781049
550,hastings,50.8552,0.5729,18.32,78,30,6.95,GB,1717781255
551,guarapari,-20.6667,-40.4975,25.09,69,24,4.1,BR,1717780957
552,sao miguel do araguaia,-13.275,-50.1628,33.55,26,0,3.29,BR,1717781255
553,mae hong son,19.3003,97.9685,24.37,98,100,1.07,TH,1717781256
554,mandan,46.8267,-100.8896,24.65,39,20,2.57,US,1717781147
555,torre del mar,36.7414,-4.0946,28.03,56,100,2.39,ES,1717781256
556,gizo,-8.103,156.8419,27.67,77,98,2.72,SB,1717781256
557,shobara,34.85,133.0167,18.47,92,78,0.99,JP,1717781256
558,las khorey,11.1595,48.1967,33.88,54,61,1.71,SO,1717781112
559,borskoye,53.0333,51.7167,19.45,73,65,0.94,RU,1717781257
560,seven pagodas,12.6264,80.1722,30.03,82,97,6.86,IN,1717781027
561,port macquarie,-31.4333,152.9167,7.16,87,6,3.0,AU,1717781257
562,kenai,60.5544,-151.2583,11.19,73,75,6.69,US,1717781257
563,melekeok village,7.4957,134.6367,25.31,94,75,1.54,PW,1717781258
564,maryborough,-25.5333,152.7,11.17,75,0,1.74,AU,1717781258
565,johnstown,40.3267,-78.922,22.97,58,100,5.66,US,1717781258
566,turochak,52.2576,87.1224,14.28,97,48,0.1,RU,1717781258
567,prince rupert,54.3161,-130.3201,12.05,79,0,2.57,CA,1717781258
568,kolonia town,6.964,158.206,28.0,83,75,1.54,FM,1717781259
569,kattivakkam,13.2167,80.3167,30.05,93,100,4.96,IN,1717781259
570,berezovyy,51.6667,135.7,3.63,99,99,0.8,RU,1717781259
571,ribeira brava,32.65,-17.0667,23.96,84,37,3.33,PT,1717781259
572,i-n-salah,27.1935,2.4607,44.48,6,5,4.16,DZ,1717781259
573,anzhero-sudzhensk,56.081,86.0285,11.61,99,100,0.49,RU,1717781259
574,flying fish cove,-10.4217,105.6791,25.82,88,100,5.14,CX,1717781067
575,orsk,51.2049,58.5668,21.5,73,0,4.0,RU,1717781260
576,lauro de freitas,-12.8944,-38.3272,29.01,61,40,5.66,BR,1717781156
577,tindouf,27.6711,-8.1474,34.25,11,0,8.23,DZ,1717781260
578,ferny hills,-27.3951,152.9396,11.73,74,0,4.12,AU,1717781261
579,lanzhou,36.0564,103.7922,19.92,46,100,3.4,CN,1717781261
580,raduzhny,62.0961,77.475,10.63,55,96,2.79,RU,1717781261
581,feodosiya,45.0333,35.3833,22.99,59,0,3.74,UA,1717781261
582,jacmel,18.2342,-72.5347,32.91,69,100,4.03,HT,1717781261
583,berdigestyakh,62.0989,126.6992,11.52,55,96,2.03,RU,1717781262
584,sainte-livrade-sur-lot,44.3993,0.5912,24.06,71,100,1.96,FR,1717781262
585,port-vila,-17.7338,168.3219,23.86,76,94,5.53,VU,1717781262
586,galliano,29.4422,-90.2992,33.33,70,0,2.06,US,1717781262
587,wenchang,30.904,118.4887,21.34,84,99,1.18,CN,1717781262
588,lockwood,45.8191,-108.4149,26.34,33,40,6.69,US,1717781263
589,quang ngai,15.1167,108.8,25.71,91,100,2.1,VN,1717781263
590,sundsvall,62.3913,17.3063,15.98,44,20,2.06,SE,1717781263
